Nhom,Uu_tien,Ten,Chuyen_ve_Ly_do_phu_hop,Khu_vuc,SDT,Email,Website,Facebook,Nguon,Trang_thai,Ghi_chu
A - Nha phan phoi/si nguyen lieu,1,THAPHACO,"Nguyên liệu nấu chè dưỡng nhan, thảo dược khô - rất gần danh mục bột sắn dây",TP.HCM,0906.35.63.35,,thaphaco.com.vn,,https://thaphaco.com.vn/cong-ty-phan-phoi-nguyen-lieu-nau-che-duong-nhan/,Chưa liên hệ,
A - Nha phan phoi/si nguyen lieu,1,Gocbansi.com,"Sỉ nguyên liệu nấu chè, 300+ mặt hàng, nhận mix sỉ từng món",TP.HCM,"0938143681 / (+84) 939038881",Hotro@Gocbansi.com,gocbansi.com,facebook.com/gocbansi,https://gocbansi.com/product/che-duong-nhan-gia-si/,Chưa liên hệ,Zalo 0938143681
A - Nha phan phoi/si nguyen lieu,1,Thanh Ngân Food,"Nguyên liệu nấu chè, trà hoa, trà thảo mộc, bột chiết xuất",Chưa rõ,0587.83.85.86,cskh.thanhnganfood@gmail.com,thanhnganfood.com,,https://thanhnganfood.com/nguyen-lieu-nau-che/,Chưa liên hệ,
A - Nha phan phoi/si nguyen lieu,1,Việt San Food,"Nông sản khô, nguyên liệu nấu chè, gia vị","85C Lê Ngung, Bình Tân, TP.HCM","0827.833.388 / 0944.590.101",,,,https://thucphamviet.net/nguyen-lieu-nau-che-gom-nhung-loai-nao-gia-bao-nhieu-mua-o-dau-hcm/,Chưa liên hệ,
A - Nha phan phoi/si nguyen lieu,1,HorecaVN,"700+ mặt hàng nguyên liệu pha chế, giá sỉ toàn miền Bắc","48 ngõ 279 Đội Cấn, Ba Đình, Hà Nội","0919.906.266 / 024.6686.9615",thuy.do@horecavn.com,horecavn.com,,https://horecavn.com/dai-ly-cung-cap-nguyen-lieu-pha-che-chinh-hang-tai-viet-nam.html,Chưa liên hệ,
A - Nha phan phoi/si nguyen lieu,1,Sao Việt Food,"Phân phối độc quyền Rich Products miền Bắc + nguyên liệu pha chế/làm bánh","Định Công, Hà Nội",024.3232.3658,,saovietfood.vn,,https://saovietfood.vn/,Chưa liên hệ,
A - Nha phan phoi/si nguyen lieu,1,Nhất An Foods,"Nguyên liệu, dụng cụ làm bánh sỉ/lẻ cho nhà hàng khách sạn","135 Nguyễn Thượng Hiền, Bình Thạnh, TP.HCM",0931.847.626,nhatanfoodsvn@gmail.com,,,https://www.yellowpages.vn/lgs/1187916138/cong-ty-tnhh-thuc-pham-nhat-an.html,Chưa liên hệ,
A - Nha phan phoi/si nguyen lieu,1,Vũ Phúc Baking,"Nguyên-phụ liệu, dụng cụ ngành bánh/pha chế cho cả vùng ĐBSCL","Cái Răng, Cần Thơ","1900 636 340 / 0919 967 645 / 0915 333 844",contact@vuphucbaking.com,vuphucbaking.com,facebook.com/vuphucbaking,https://www.vuphucbaking.com/,Chưa liên hệ,FB 22.584 lượt thích
A - Nha phan phoi/si nguyen lieu,1,Việt Tuấn Tea,"Nguyên liệu pha chế/trà giá sỉ","Thanh Xuân, Hà Nội",0947800758,admin@viettuantea.vn,viettuantea.vn,,https://viettuantea.vn/viet-tuan-nguyen-lieu-pha-che-gia-si-ha-noi/,Chưa liên hệ,SĐT cũng là số Zalo
A - Nha phan phoi/si nguyen lieu,2,Nông Sản Dũng Hà,"Đang tự bán lẻ bột sắn dây 140-150k/kg - vừa là đối thủ vừa có thể là kênh đóng gói lại",Hà Nội + TP.HCM,"0866.918.366 (CSKH) / 0385.183.683 (KD)",,nongsandungha.com,,https://nongsandungha.com/mua-bot-san-day-uy-tin-chat-luong-gia-re-tai-ha-noi-va-ho-chi-minh/,Chưa liên hệ,CẨN THẬN - đối thủ cạnh tranh trực tiếp không phải khách thường
A - Nha phan phoi/si nguyen lieu,3,Phòng chẩn trị YHCT Toàn Mỹ (lương y Nguyễn Kim Bảng),"Phố Lãn Ông - gia đình 5 đời làm nghề đông y","56 Lãn Ông, Hà Nội",,,,,https://baophapluat.vn/pho-lan-ong-khu-cho-dong-y-nuc-tieng-ha-thanh-post479326.html,Chưa liên hệ,Chưa có SĐT công khai - cần đến trực tiếp
A - Nha phan phoi/si nguyen lieu,3,Lương y Phạm Xuân Nội,"Phố Lãn Ông","69 Lãn Ông, Hà Nội",,,,,https://baophapluat.vn/pho-lan-ong-khu-cho-dong-y-nuc-tieng-ha-thanh-post479326.html,Chưa liên hệ,Chưa có SĐT công khai - cần đến trực tiếp
A - Nha phan phoi/si nguyen lieu,3,Lương y Trần Vũ Cường,"Phố Lãn Ông","45 Lãn Ông, Hà Nội",,,,,https://vietnam.vnanet.vn/vietnamese/long-form/pho-dong-nam-duoc-lan-ong-di-san-nghe-thuoc-368015.html,Chưa liên hệ,Chưa có SĐT công khai - cần đến trực tiếp. Tham khảo thêm: BS Tạ Văn Minh (số 55), lương y Nguyễn Thị Ngọc (số 58), y sỹ Đặng Quốc Khánh (số 50)
B - Quan che/tra sua,1,Chè Bốn Mùa (Hàng Cân),"Chè sắn gần 50 năm, quy mô ổn định","4 Hàng Cân, Hoàn Kiếm, Hà Nội","0984 583 333",chebonmua.1975@gmail.com,,facebook.com/che4muahangcan,https://www.vntrip.vn/cam-nang/che-ngon-ha-noi-26634,Chưa liên hệ,
B - Quan che/tra sua,1,Chè Ngọc Hiền (Chè Huế 20 Món),"Chuỗi chè cung đình lâu đời, quy mô lớn, bán xuyên Tết","67 Trần Hưng Đạo, TP Huế","0948 493 518",,,"facebook.com/p/Ngọc-Hiền_-Chè-Huế-20-Món-100063747150334",https://www.foody.vn/hue/che-ngoc-hien-che-hue-20-mon,Chưa liên hệ,
B - Quan che/tra sua,2,Chè Sắn Nóng Lý Quốc Sư,"Nổi tiếng nhất với chè sắn nóng, món chủ lực","39 Lý Quốc Sư, Hoàn Kiếm, Hà Nội (địa chỉ đã sửa)",0975 905 184,,,,https://mia.vn/cam-nang-du-lich/quan-che-nong-ha-noi-ngon-17321,Chưa liên hệ,Địa chỉ gốc ghi nhầm "Hàng Giầy" - 30 Hàng Giầy thực ra là quán bánh trôi tàu khác (098 233 55 88) không phải quán này
B - Quan che/tra sua,2,Xôi chè Bà Thìn,"Chè sắn món mùa đông chủ đạo, lượng khách lớn","1 Bát Đàn, Hoàn Kiếm, Hà Nội",0983 633 599 / 093 662 88 87,,,"Fanpage ""Xôi Chè Bà Thìn Số 1 Bát Đàn - 95 Hàng Bồ"" (chưa có URL)",https://mia.vn/cam-nang-du-lich/xoi-che-ba-thin-dia-chi-quen-thuoc-cua-cac-tin-do-me-do-ngot-tai-ha-noi-2637,Chưa liên hệ,
B - Quan che/tra sua,2,Linh Bánh Trôi Tàu & Chè Sắn Nóng,"Món tủ mùa đông, thương hiệu khu vực (tên quán đã xác định cụ thể)","54 Bạch Mai, Cầu Dền, Hai Bà Trưng, Hà Nội",,,,,https://www.foody.vn/ha-noi/linh-banh-troi-tau-che-san-nong-54-bach-mai,Chưa liên hệ,Vẫn chưa tìm được SĐT/FB - đã thử Foody/ShopeeFood/Facebook
B - Quan che/tra sua,2,Chè Thái Lệ,"Chè cung đình Huế, dùng bột sắn dây làm thạch/tạo độ sánh","116 Lê Thánh Tôn, P. Thuận Thành, TP Huế (địa chỉ đã xác nhận)",,,,,https://vinwonders.com/vi/wonderpedia/news/top-quan-che-hue-ngon-tru-danh/,Chưa liên hệ,Vẫn chưa tìm được SĐT/FB dù đã thử nhiều nguồn (Foody/ShopeeFood/GrabFood)
B - Quan che/tra sua,2,Chè Cung Đình Huế 21 Món,"Đây là tên quán thật (đã xác nhận, không phải mô tả chung), đa dạng món dùng bột sắn dây","Lê Lợi, P. Phú Hội, TP Huế",,,,,https://www.foody.vn/hue/che-cung-dinh-hue-21-mon,Chưa liên hệ,Vẫn chưa tìm được SĐT/FB dù đã thử nhiều nguồn
C - Nha SX duoc lieu/TPCN,2,Công ty CP Dược Danapha,"Sản phẩm Colitis Danapha chứa Bột Cát căn 100mg - quy mô công nghiệp","253 Dũng Sĩ Thanh Khê, Đà Nẵng","0236 375 7676",info@danapha.com,danapha.com,,https://www.danapha.com/vn/lien-he/thong-tin-lien-he.html,Chưa liên hệ,
C - Nha SX duoc lieu/TPCN,3,"Cty TNHH Y Dược Luân Thành (SX: Medistar Việt Nam)","Chủ sở hữu sản phẩm Thanh nhiệt giải độc Luân Thành, Cát căn 550mg - SĐK 4689/2021/ĐKSP",Chưa rõ,"0916893886 (kênh phân phối: Nhà thuốc Thân Thiện)",,,,https://trungtamthuoc.com/thanh-nhiet-giai-doc-luan-thanh,Chưa liên hệ,Đã xác định đúng tên cty SX/sở hữu - chưa có SĐT trực tiếp của 2 công ty này
D - Xuat khau (CHUA lien he - can ATTP truoc),4,NutriCargo LLC,"Đang bán Kudzu Root Powder, hiện nhập từ Trung Quốc",Mỹ,,,nutricargo.com,,https://www.nutricargo.com/kudzu-root-powder,Chờ ATTP,Chỉ có form liên hệ trên website. Nhu cầu đã chứng minh
D - Xuat khau (CHUA lien he - can ATTP truoc),4,Starwest Botanicals,"Tự nhận mua thảo dược trực tiếp từ nông dân 50+ nước",Mỹ,,,starwest-botanicals.com,,https://www.starwest-botanicals.com/product/kudzu-root-powder-organic/,Chờ ATTP,Chưa tìm được liên hệ trực tiếp
D - Xuat khau (CHUA lien he - can ATTP truoc),4,Mountain Rose Herbs,"Công ty thảo dược hữu cơ uy tín lâu năm","Mỹ (Oregon)",,,mountainroseherbs.com,,https://mountainroseherbs.com/kudzu-root,Chờ ATTP,Chưa tìm được liên hệ trực tiếp
D - Xuat khau (CHUA lien he - can ATTP truoc),5,Frontier Co-op,"Hợp tác xã bán buôn sản phẩm tự nhiên/hữu cơ quy mô lớn","Mỹ (Iowa)",,,,,https://en.wikipedia.org/wiki/Frontier_Natural_Products_Co-op,Chờ ATTP,Khả năng cao yêu cầu chứng nhận hữu cơ. Chưa xác minh website chính thức
D - Xuat khau (CHUA lien he - can ATTP truoc),5,Eden Foods,"Nhà nhập khẩu lâu đời, đã nhập kuzu từ Nhật từ 1970s","Mỹ (Michigan)",,,store.edenfoods.com,,https://en.wikipedia.org/wiki/Eden_Foods_Inc.,Chờ ATTP,Có đối tác Nhật lâu năm - ưu tiên thấp
D - Xuat khau (CHUA lien he - can ATTP truoc),5,Shuey Shing,"Nhà bán buôn tập trung sản phẩm Việt Nam","Úc (Melbourne)",(03) 9495 0833,,shueyshing.com.au,,https://shueyshing.com.au/,Chờ ATTP,
D - Xuat khau (CHUA lien he - can ATTP truoc),5,Big Asia Wholesale,"Bán buôn sản phẩm Việt",Úc,0402 759 925,info@bigasiasupermarket.com.au,bigasiawholesale.com.au,,https://bigasiawholesale.com.au/products/vietnamese-food/,Chờ ATTP,
D - Xuat khau (CHUA lien he - can ATTP truoc),5,Dai Cheong Trading Co.,"Công ty gia đình 3 thế hệ từ 1979, nhập hàng Việt Nam/châu Á","Mỹ (Los Angeles)",(323) 225-1888,,daicheonginc.com,,https://daicheonginc.com/,Chờ ATTP,
D - Xuat khau (CHUA lien he - can ATTP truoc),5,OC Wholesale Food,"2000+ sản phẩm bán buôn Việt/châu Á, có danh mục Flour & Starch","Mỹ (California)",(657) 632-6494,,ocwholesalefood.com,,https://ocwholesalefood.com/,Chờ ATTP,Có form đăng ký đối tác kinh doanh
D - Xuat khau (CHUA lien he - can ATTP truoc),5,Kim Phi Asia Food GmbH,"20+ năm kinh nghiệm nhập thực phẩm châu Á","Đức (Düsseldorf)",+49 211 239 63 47,info@kimphiasiafood.de,kimphiasiafood.de,,https://www.kimphiasiafood.de/en/startseite-en/,Chờ ATTP,
D - Xuat khau (CHUA lien he - can ATTP truoc),4,Longdan (Home of Asia),"Nhà phân phối sản phẩm Việt Nam lớn nhất Anh & Ireland",Anh,020 8556 8828,sales@longdan.co.uk,wholesale.longdan.co.uk,,https://wholesale.longdan.co.uk/pages/contact,Chờ ATTP,Lead mạnh nhất đợt mở rộng 08-13
D - Xuat khau (CHUA lien he - can ATTP truoc),4,JK Foods,"Nhà nhập khẩu thực phẩm phương Đông 45+ năm, có Việt Nam","Anh (Nottingham)",+44 7917 901777,customer.service@jkfoods.co.uk,jkfoods.co.uk,,https://jkfoods.co.uk/blog/vietnamese-food-wholesalers-in-the-uk-sourcing-quality-products,Chờ ATTP,Có trang "Register as a Trader"
D - Xuat khau (CHUA lien he - can ATTP truoc),4,Fusian,"Nhà bán buôn chuyên Việt Nam & phương Đông","Anh (London)",+44 330 088 1801,shop@fusian.co.uk,fusian.co.uk,,https://www.fusian.co.uk/,Chờ ATTP,Có "Apply for a Trade Account"
D - Xuat khau (CHUA lien he - can ATTP truoc),4,AFOD Ltd,"Nhà nhập khẩu/phân phối thực phẩm châu Á lớn toàn Canada","Canada (Richmond, BC)",604-521-8777,info@afod.ca,afodltd.com,,https://afodltd.com/,Chờ ATTP,
D - Xuat khau (CHUA lien he - can ATTP truoc),4,Dong Phuong Distributor,"Chuyên biệt sản phẩm Việt Nam","Canada (Edmonton)",780-447-2883,info@dpdistributor.com,dpdistributor.com,,https://dpdistributor.com/,Chờ ATTP,
D - Xuat khau (CHUA lien he - can ATTP truoc),5,Tang Freres,"Chuỗi siêu thị/nhà nhập khẩu châu Á lâu đời nhất Pháp",Pháp,,,tang-freres.fr,,https://www.tang-freres.fr/,Chờ ATTP,Chỉ có form liên hệ chung - chưa lấy được liên hệ trực tiếp
D - Xuat khau (CHUA lien he - can ATTP truoc),5,Nishimoto Trading Co.,"Nhà nhập khẩu/phân phối thực phẩm châu Á tổng hợp",Nhật Bản,,,,,https://en.wikipedia.org/wiki/Nishimoto_Trading_Co.,Chờ ATTP,Chưa tìm được kênh nhà cung cấp. Nhật/Hàn kết quả yếu - xem ghi chú định vị trong file .md
E - B2C kieu bao (co the thu truoc Nhom D),2,Lê Gia Express,"Dịch vụ ký gửi cá nhân đi Mỹ - đã gửi bột sắn dây thật",Mỹ,"092 555 7986","135 Bạch Đằng, Tân Bình, TP.HCM (địa chỉ)",legiaexpress.com,,https://legiaexpress.com,Chưa liên hệ,Đã có dịch vụ gửi bột sắn dây đi Mỹ
E - B2C kieu bao (co the thu truoc Nhom D),2,Bình Phước Logistics,"Dịch vụ ký gửi cá nhân đi Mỹ - đã gửi bột sắn dây thật",Mỹ,0901 494 677,,binhphuoclogistics.com,,https://binhphuoclogistics.com,Chưa liên hệ,
E - B2C kieu bao (co the thu truoc Nhom D),1,Chợ Việt Tại Nhật,"Cửa hàng Việt thật tại Nhật, bán thực phẩm/đặc sản","Gyoda-shi, Saitama, Nhật",,,,facebook.com/chovietnamnhatban,facebook.com/chovietnamnhatban,Chưa liên hệ,Ưu tiên thử đầu tiên - rủi ro hải quan thấp nhất
E - B2C kieu bao (co the thu truoc Nhom D),1,Cửa Hàng Việt Nam tại Nhật Bản,"Bán đồ tươi/đông lạnh/khô/gia vị Việt",Nhật Bản,,,,facebook.com/CuaHangVietNamtaiNhatBan,facebook.com/CuaHangVietNamtaiNhatBan,Chưa liên hệ,
E - B2C kieu bao (co the thu truoc Nhom D),1,Xuân Shop Việt Nhật,"Bán lẻ giá gần bằng giá sỉ","Yokohama, Nhật",,,,facebook.com/xuanshopvietnhatyokohama,facebook.com/xuanshopvietnhatyokohama,Chưa liên hệ,
E - B2C kieu bao (co the thu truoc Nhom D),3,Đồng Xuân Center,"400+ gian hàng, >60% tiểu thương gốc Việt - thủ phủ người Việt tại Đức","Berlin, Đức",,,,,https://hanoimoi.vn,Chưa liên hệ,Chợ lớn cần đến trực tiếp - chưa có danh sách liên hệ
E - B2C kieu bao (co the thu truoc Nhom D),3,Tamda Foods/Group,"Nhà phân phối lớn, có quy trình đăng ký nhà cung cấp","Séc & châu Âu",+420 222 132 119,,tamdafoods.eu,,https://tamdafoods.eu,Chưa liên hệ,
F - Dich vu do an cu,1,Hera Care,"Trung tâm chăm sóc mẹ&bé, bếp dinh dưỡng riêng, 3 bữa chính+1 phụ/ngày","Quận 1, TP.HCM","0565 419 999 / 0898 658 986",,,,https://vnexpress.net/hera-care-trung-tam-o-cu-cho-me-va-be-so-sinh-4896998.html,Chưa liên hệ,
F - Dich vu do an cu,1,Family Maid,"Trung tâm chăm sóc mẹ&bé, có mâm cơm cữ hàng ngày",TP.HCM,0932 050 651,,familymaid.vn,,https://familymaid.vn/dich-vu/o-cu-sau-sinh/,Chưa liên hệ,
F - Dich vu do an cu,1,Thu Cúc TCI,"Bệnh viện, gói ở cữ nghỉ dưỡng có cơm cữ do chuyên gia dinh dưỡng thiết kế","Tây Hồ + Trần Duy Hưng + Đại Từ (Hà Nội), Hải Phòng",1900 558 892,,benhvienthucuc.vn,,https://benhvienthucuc.vn/dich-vu-khoa-san/o-cu-nghi-duong/goi-o-cu-nghi-duong-tci-cho-me-va-be,Chưa liên hệ,
F - Dich vu do an cu,1,PhenikaaMec,"Bệnh viện có gói cơm cữ","Nam Từ Liêm, Hà Nội",1900.2262,,phenikaamec.com,,https://phenikaamec.com/dv-dich-vu-cham-soc-me-va-be-sau-sinh.html,Chưa liên hệ,
F - Dich vu do an cu,1,Home Care (spasausinh.vn),"Trung tâm chăm sóc mẹ&bé, có mâm cơm ở cữ, phục vụ cả tại nhà","Mỹ Đình/Hồ Tùng Mậu, Hà Nội","1900 0387 / 0973 871 376 / 0962 131 515",,spasausinh.vn,,https://spasausinh.vn/10-mam-com-o-cu-nha-lam-ngon-bo-duong-cho-me-sau-sinh-nhieu-sua-cho-con-bu/,Chưa liên hệ,
F - Dich vu do an cu,1,Moncare,"Trung tâm chăm sóc mẹ&bé (chưa xác nhận có tự nấu cơm cữ)","TP Bắc Ninh","0976 604 528 / 0982 192 913",,,facebook.com/Cham.soc.me.va.be.Moncare,https://www.facebook.com/Cham.soc.me.va.be.Moncare/,Chưa liên hệ,Gần Lạng Sơn nhất trong nhóm F
F - Dich vu do an cu,2,Phương Lê Care,"Trung tâm chăm sóc mẹ&bé","Đà Nẵng",0931 999 604,,,,https://drt.danang.vn/cham-soc-me-va-be-sau-sinh-da-nang/,Chưa liên hệ,
F - Dich vu do an cu,2,Spa Tuệ San,"Trung tâm chăm sóc mẹ&bé","Liên Chiểu, Đà Nẵng",0393 364 128,,,,https://drt.danang.vn/cham-soc-me-va-be-sau-sinh-da-nang/,Chưa liên hệ,
F - Dich vu do an cu,2,Baby Shark Spa,"Trung tâm chăm sóc mẹ&bé","Hải Châu, Đà Nẵng",0934 710 750,,babysharkspa.vn,facebook.com/babysharkspa.danang,https://www.facebook.com/babysharkspa.danang/,Chưa liên hệ,
F - Dich vu do an cu,2,Happy Mom,"Trung tâm chăm sóc mẹ&bé","Cẩm Lệ, Đà Nẵng",0982 198 179,,,,https://drt.danang.vn/cham-soc-me-va-be-sau-sinh-da-nang/,Chưa liên hệ,
F - Dich vu do an cu,2,RESTA - Cơm ở cữ dinh dưỡng,"Dịch vụ cơm cữ chuyên biệt","Hà Nội",,,,"facebook.com/p/RESTA-Cơm-ở-cữ-dinh-dưỡng-61563327641921",https://www.facebook.com/p/RESTA-C%C6%A1m-%E1%BB%9F-c%E1%BB%AF-dinh-d%C6%B0%E1%BB%A1ng-61563327641921/,Chưa liên hệ,Vẫn chưa tìm được SĐT dù đã thử nhiều cụm từ tìm kiếm - chỉ liên hệ được qua Facebook
G - My pham thien nhien (tham do),1,BỘT MẶT NẠ THIÊN NHIÊN,"Chuyên bột đắp mặt, chục loại, chưa có sắn dây, có chương trình đại lý","Tân Bình, TP.HCM",094 350 0011,botmatna@gmail.com,botmatna.com,,http://www.botmatna.com/,Chưa liên hệ,Chưa có sắn dây trong danh mục - khoảng trống
G - My pham thien nhien (tham do),1,Hoa & Cỏ Handmade,"Phân phối nguyên liệu bột thô cho cộng đồng làm mỹ phẩm handmade, chưa có sắn dây","Q6, TP.HCM","090 666 6576 / 090 985 6576",hoacowith@gmail.com,nguyenlieulamsoap.com.vn,,https://nguyenlieulamsoap.com.vn/bot-thao-moc/,Chưa liên hệ,Bán sỉ 1 lần họ tự phân phối tiếp
G - My pham thien nhien (tham do),2,Cỏ Mềm HomeLab,"Thương hiệu lớn chuẩn CGMP-ASEAN, có sản phẩm bột rửa mặt","Có cửa hàng ngay tại TP Lạng Sơn (101-103 Trần Đăng Ninh)",1800.646.890,,comem.vn,facebook.com/comemhomelab,https://comem.vn/dia-chi-cua-hang/co-mem-lang-son,Chưa liên hệ,Đáng ghé trực tiếp vì ở gần
G - My pham thien nhien (tham do),3,Milaganics (cty mẹ Stella Kinetics),"Thương hiệu lớn, phân phối Guardian/Hasaki/Con Cưng, chưa có sắn dây","9/11 Nguyễn Huy Tưởng, P. Gia Định, TP.HCM",098 349 3939,info@stellakinetics.com,stellakinetics.com,,https://stellakinetics.com/en/,Chưa liên hệ,Trang có xác nhận hỗ trợ B2B/nguyên liệu/phân phối cho đối tác
H - Khach san/buffet lon,3,Sheraton Saigon Hotel (Saigon Café),"Buffet ẩm thực Việt tối thứ 7 hàng tháng, quầy tráng miệng có chè đậu xanh/mủ gòn","88 Đồng Khởi, Q.1, TP.HCM",(08) 3827 2828,,,,https://thanhnien.vn/kham-pha-buffet-am-thuc-viet-tai-sheraton-sai-gon-vao-moi-toi-thu-bay-trong-thang-9-185381107.htm,Chưa liên hệ,Chỉ có tổng đài chung - cần hỏi thẳng bộ phận Purchasing
H - Khach san/buffet lon,3,Sahul Hotel Hà Nội (Buffet Sen Việt),"Quầy truyền thống riêng nhiều món Việt, có bánh đúc, chè","684 Minh Khai, Hai Bà Trưng, Hà Nội",,,,,https://pasgo.vn/blog/bat-mi-nhung-nha-hang-buffet-ngon-tai-khach-san-ha-noi-1264,Chưa liên hệ,
H - Khach san/buffet lon,3,Vinpearl Nha Trang (Coral/Lotus),"Buffet 40+ món truyền thống Việt, khối lượng khách rất lớn","Nha Trang",,,,,https://vinwonders.com/vi/wonderpedia/news/buffet-vinpearl-nha-trang/,Chưa liên hệ,Chỉ có tổng đài đặt phòng
H - Khach san/buffet lon,3,JW Marriott Hotel Hanoi (JW Café),"Khu ẩm thực Việt riêng + quầy tráng miệng đa dạng","8 Đỗ Đức Dục, Nam Từ Liêm, Hà Nội",,,,,https://dodungbuffet.com.vn/top-10-buffet-khach-san-sang-trong-tai-ha-noi.html,Chưa liên hệ,
H - Khach san/buffet lon,3,Pan Pacific Hanoi (Pacifica),"Buffet Á-Âu có món Việt truyền thống + quầy tráng miệng lớn","1 Thanh Niên, Ba Đình, Hà Nội",,,,,https://dodungbuffet.com.vn/top-10-buffet-khach-san-sang-trong-tai-ha-noi.html,Chưa liên hệ,
H - Khach san/buffet lon,3,Melia Hanoi (El Patio),"Buffet món Việt (bún chả, nem cua bể, xôi vò) + quầy bánh ngọt","44B Lý Thường Kiệt, Hoàn Kiếm, Hà Nội",,,,,https://dodungbuffet.com.vn/top-10-buffet-khach-san-sang-trong-tai-ha-noi.html,Chưa liên hệ,
H - Khach san/buffet lon,4,InterContinental Hanoi Westlake (Milan-Saigon),"Tên nhà hàng gợi ý tuyến món Việt - chưa xác nhận cụ thể có chè","5 Từ Hoa, Tây Hồ, Hà Nội",,,,,https://dodungbuffet.com.vn/top-10-buffet-khach-san-sang-trong-tai-ha-noi.html,Chưa liên hệ,Chưa xác nhận có chè
I - Dac san/OCOP tai Lang Son,0,Cửa hàng OCOP (Minh Phát Lạng Sơn),"Trưng bày 200 sản phẩm OCOP, khách gồm cả người Đài Loan/Quảng Tây (TQ)","211 Trần Đăng Ninh, P. Tam Thanh, TP Lạng Sơn",,,,,https://baolangson.vn/quan-tam-phat-trien-cac-diem-gioi-thieu-va-ban-san-pham-ocop-1595528.html,Chưa liên hệ,Đi cùng buổi với 115 Trần Đăng Ninh
I - Dac san/OCOP tai Lang Son,0,Cửa hàng OCOP (Cty An Gia),"Đã bán tinh bột nghệ - thị trường tinh bột đặc sản làm quà đã có khách quen","115 Trần Đăng Ninh, P. Tam Thanh, TP Lạng Sơn",,,,,https://langsontv.vn/news/475/12486/khai-truong-cua-hang-ocop-tai-thanh-pho-lang-son,Chưa liên hệ,Ưu tiên cao nhất - sản phẩm liền mạch có sẵn
I - Dac san/OCOP tai Lang Son,0,Cửa hàng OCOP huyện Văn Lãng (chủ Chu Thị Hạnh),"Doanh thu công bố >400 triệu/nửa năm","Số 64 khu 2, TT Na Sầm, huyện Văn Lãng",,,,,https://baolangson.vn/quan-tam-phat-trien-cac-diem-gioi-thieu-va-ban-san-pham-ocop-1595528.html,Chưa liên hệ,
I - Dac san/OCOP tai Lang Son,1,Chợ Đông Kinh,"Chợ lớn nhất tỉnh, nhiều quầy bán đặc sản làm quà","Trung tâm TP Lạng Sơn",,,,,https://muaban.net/blog/dac-san-lang-son-279618/,Chưa liên hệ,Cần đến trực tiếp chọn quầy
I - Dac san/OCOP tai Lang Son,1,Chợ Kỳ Lừa,"Chợ nổi tiếng nhất với du khách, bán buôn lẫn bán lẻ","P. Hoàng Văn Thụ, TP Lạng Sơn",,,,,https://mytour.vn/vi/blog/bai-viet/cho-ky-lua-lang-son-kham-pha-net-doc-dao-cua-cho-vung-cao.html,Chưa liên hệ,Cần khảo sát thực địa
I - Dac san/OCOP tai Lang Son,1,Chợ Giếng Vuông (chợ đêm nông sản),"Chợ đầu mối nông sản-đặc sản, họp 1h-5h sáng, hàng trăm tiểu thương","Đường Bắc Sơn, P. Hoàng Văn Thụ, TP Lạng Sơn",,,,,https://baolangson.vn/tap-nap-cho-dem-gieng-vuong-1593846.html,Chưa liên hệ,Cần đến trực tiếp ban đêm
I - Dac san/OCOP tai Lang Son,1,Chợ Đồng Đăng (chợ biên giới),"Chợ biên mậu sôi động nhất, khách Trung Quốc dễ tiếp cận trực tiếp","TT Đồng Đăng, huyện Cao Lộc",,,,,https://mia.vn/cam-nang-du-lich/cho-dong-dang-lang-son-18955,Chưa liên hệ,Cần khảo sát trực tiếp các quầy
I - Dac san/OCOP tai Lang Son,2,Sở Nông nghiệp và Môi trường tỉnh Lạng Sơn,"Đầu mối OCOP cấp tỉnh - không phải khách mua trực tiếp, nhưng có OCOP sẽ vào tầm ngắm 10 điểm bán toàn tỉnh","118 đường Ba Sơn, P. Tam Thanh, TP Lạng Sơn",02053.870.353 / 02053.876.948,snnmtlangson@gmail.com,ocop.langson.gov.vn,,https://ocop.langson.gov.vn/,Chưa liên hệ,Hỏi thủ tục đăng ký OCOP
J - Cua hang thuc pham sach/huu co,,Nong San Ngon,"Chi hop tac nha cung cap uy tin, chuyen rau/thuc pham sach","224B Hoang Ngan, Trung Hoa, Cau Giay, Ha Noi",04.38.56.8888,,,,ket qua tim kiem 2026-09-02,,Can mang mau + minh chung nguon goc ro khi lien he
J - Cua hang thuc pham sach/huu co,,CleverFood,Cua hang thuc pham sach,"Lien ke 7 Trang An Complex, Ha Noi",096 224 3863,,,,ket qua tim kiem 2026-09-02,,"Chua xac minh quy mo, can goi hoi truc tiep"
J - Cua hang thuc pham sach/huu co,,Soi Bien,Chuoi 37 cua hang thuc pham sach tai Ha Noi,Ha Noi (37 chi nhanh),1900636326,contact@soibien.vn,soibien.vn,,soibien.vn 2026-09-02,,"Dung hotline chung hoi quy trinh nha cung cap, KHONG goi so cua hang le (do la so nhan don COD)"
E - B2C kieu bao (co the thu truoc Nhom D),,Cho Viet 93 (choviet93.fr),"Cua hang tap hoa Viet tai Phap, co muc hang kho rieng","93290 Tremblay-en-France, Phap",+33 7.6666.3338,linna@choviet93.fr,choviet93.fr,,"choviet93.fr, xac minh 2026-09-02",,"Zalo/WhatsApp +33769553489 - lead cu the dau tien o Phap, dung duoc ngay nhu 3 shop Nhat"
K - Cua hang dac san vung mien Ha Noi (qua bieu),,Nep Huong,Dac san vung mien lam qua bieu,"42 Nguyen Dinh Chieu, Ha Noi",(024) 63 282 720,,,,ket qua tim kiem 2026-09-02,,Chua xac minh co nhan ky gui hang moi hay chi tu nhap
K - Cua hang dac san vung mien Ha Noi (qua bieu),,DOGIFOOD,Dac san vung mien lam qua bieu,"So 6 Ninh Son, Chuc Son, Chuong My, Ha Noi",0986336449,,,,ket qua tim kiem 2026-09-02,,Chua xac minh mo hinh kinh doanh cu the
K - Cua hang dac san vung mien Ha Noi (qua bieu),,Sanh An - Dac san vung mien,Dac san vung mien lam qua bieu,"A27 Xuan Phuong Garden, Nam Tu Liem, Ha Noi",+84 94 264 74 74,,,facebook.com/sanhan.dacsanvungmien,ket qua tim kiem 2026-09-02,,"Co trang Facebook rieng, de nhan tin truoc khi goi"
E - B2C kieu bao (co the thu truoc Nhom D),,Tran's Oriental Supermarket (kho si),Sieu thi chau A co khu wholesale rieng,"Northbridge, WA, Uc",(08) 9228 3099,,,,foursquare/yelp/o2osell xac minh cheo 2026-09-02,,"RUI RO CAO - Uc la thi truong rui ro hai quan cao nhat, KHONG gui truoc khi tra BICON"
J - Cua hang thuc pham sach/huu co,,Nam An Market,"Sieu thi thuc pham cao cap, dinh vi sanh an","TP.HCM (Thao Dien, Tan Binh, Q1, Q7)",0903.166.228,tam.nt@namanmarket.com.vn,namanmarket.com,facebook.com/Nam.An.Market.303,namanmarket.com xac minh 2026-09-02,,Email dung bo phan doi tac/phat trien san pham - uu tien lien he qua email nay
A - Nha phan phoi/si nguyen lieu,,Vinbar,"Nguyen lieu tra sua gia si, 1000+ san pham","625 Xo Viet Nghe Tinh, Q. Binh Thanh, TP.HCM",0907 095 295,,,,ket qua tim kiem 2026-09-02,,
A - Nha phan phoi/si nguyen lieu,,Nguyen Lieu Higo,Nguyen lieu pha che,"So 7, Duong so 8, KDC Song Da, Thu Duc, TP.HCM",0903726796,,,,ket qua tim kiem 2026-09-02,,
A - Nha phan phoi/si nguyen lieu,,TOBEE FOOD,"Nguyen lieu tra sua gia re, si toan quoc, day pha che mien phi","79 Tang Nhon Phu, TP. Thu Duc, TP.HCM",,,,,ket qua tim kiem 2026-09-02,,"Chua tim duoc SDT cu the, chi co dia chi"
F - Dich vu do an cu,,Family Home Care,Cham soc me be sau sinh,"209/7 Nguyen Thi Minh Khai, Nha Trang",+84 98 615 03 00,,,facebook.com/familyhomecare.vn,ket qua tim kiem 2026-09-02,,
F - Dich vu do an cu,,Vietcare Hai Phong,Cham soc va lam dep sau sinh,Hai Phong,0975 616 669 / hotline 024 4451 1111,,,,ket qua tim kiem 2026-09-02,,
F - Dich vu do an cu,,EvaCare,Cham soc me va be,Hai Phong,0903 495 357,,,,ket qua tim kiem 2026-09-02,,
F - Dich vu do an cu,,Tam Phuc Mom & Baby care,Cham soc me va be,"10 Ho Sen, Le Chan, Hai Phong",0393 806 187,,,,ket qua tim kiem 2026-09-02,,
F - Dich vu do an cu,,Mombb Care Spa,Cham soc me va be,"130 Hoang Thiet Tam, Hai Phong",0963 812 023,,,,ket qua tim kiem 2026-09-02,,
F - Dich vu do an cu,,Ly House Spa,Cham soc sau sinh,"148 Bui Quang Trinh, Cai Rang, Can Tho",0919 624 627,,,,ket qua tim kiem 2026-09-02,,
F - Dich vu do an cu,,Song Ha - TT Cham Soc Me Va Be Tai Nha,Cham soc me va be tai nha,"162c/2b Tran Ngoc Que, Ninh Kieu, Can Tho",0939 15 25 05,,,,ket qua tim kiem 2026-09-02,,
F - Dich vu do an cu,,Nurse Care,Cham soc sau sinh,"Chung cu Nam Long, Hung Phu, Cai Rang, Can Tho",0794 115 265,,,,ket qua tim kiem 2026-09-02,,
F - Dich vu do an cu,,Giup Viec Phuong Nam (Can Tho),Dich vu cham soc sau sinh,Can Tho,0904 178 049,,,,ket qua tim kiem 2026-09-02,,
K - Cua hang dac san vung mien Ha Noi (qua bieu),,Khonia,Dac san lam qua bieu,"687/12 Lac Long Quan, Q. Tan Binh, TP.HCM",(028) 3869 1153 / 0902.929.878,,khonia.vn,,ket qua tim kiem 2026-09-02,,"O TP.HCM, khong phai Ha Noi"
K - Cua hang dac san vung mien Ha Noi (qua bieu),,Huong Viet,Dac san lam qua bieu,"Q4 va Phu Nhuan, TP.HCM",(028) 2253 3774 / 0963 313 849,,dacsanhuongviet.vn,,ket qua tim kiem 2026-09-02,,TP.HCM
K - Cua hang dac san vung mien Ha Noi (qua bieu),,Ut Ha Dac San,Dac san lam qua bieu,"So 6, Duong 8, Linh Trung, Thu Duc, TP.HCM",0908 157 675,,uthadacsan.com,,ket qua tim kiem 2026-09-02,,TP.HCM
K - Cua hang dac san vung mien Ha Noi (qua bieu),,Dac San Chinh Goc,Dac san lam qua bieu,chua ro,0394 116 803,,dacsanchinhgoc.vn,,ket qua tim kiem 2026-09-02,,
J - Cua hang thuc pham sach/huu co,,Organicfood.vn,Sieu thi thuc pham huu co,"Q2/Q1/Phu Nhuan, TP.HCM",0287 307 1088,,organicfood.vn,,ket qua tim kiem 2026-09-02,,
J - Cua hang thuc pham sach/huu co,,Vuon Xanh Organic,Thuc pham huu co,"39 Pham Viet Chanh, Q1, TP.HCM",0903 061 509,,,,ket qua tim kiem 2026-09-02,,
J - Cua hang thuc pham sach/huu co,,Go Green,Thuc pham huu co,"385A Cach Mang T8, Q10, TP.HCM",096 584 3566,cskh@gogreenvn.com,,,ket qua tim kiem 2026-09-02,,
J - Cua hang thuc pham sach/huu co,,Organica (TP.HCM),"Thuc pham huu co, chuoi nhieu chi nhanh","169 Song Hanh, Thao Dien, TP. Thu Duc",0911.103.366,,,,ket qua tim kiem 2026-09-02,,Co ca chi nhanh Ha Noi va Da Nang
J - Cua hang thuc pham sach/huu co,,Holands Mart,Sieu thi sach,"Le Van Hien + Le Thanh Nghi, Da Nang",0909 568 368,,,,ket qua tim kiem 2026-09-02,,Da Nang
J - Cua hang thuc pham sach/huu co,,Ti Garden,Cua hang thuc pham sach,"224 Phan Dang Luu, Hai Chau, Da Nang",0901 138 999,,,,ket qua tim kiem 2026-09-02,,Da Nang
J - Cua hang thuc pham sach/huu co,,An Phu Farm,Thuc pham sach,"Hai Chau + Thanh Khe, Da Nang",0932 511 555,,anphufarm.com,,ket qua tim kiem 2026-09-02,,Da Nang
J - Cua hang thuc pham sach/huu co,,Organica (Da Nang),Thuc pham huu co,Da Nang,0901818184,,,,ket qua tim kiem 2026-09-02,,Cung he thong Organica TP.HCM
A - Nha phan phoi/si nguyen lieu,,Tuong Vy - Nguyen Lieu Pha Che,Nguyen lieu pha che do uong si/le,"82 Bach Dang, Phu Xuan, TP Hue",093 556 37 65,,,facebook.com/nguyenlieuphachegiarehue,ket qua tim kiem 2026-09-02,,
J - Cua hang thuc pham sach/huu co,,Minhphufoods,Cua hang thuc pham sach,"21-23 Tran Van Tra, Hung Phu 1, Cai Rang, Can Tho",0796 530 979,,,,ket qua tim kiem 2026-09-02,,
J - Cua hang thuc pham sach/huu co,,Vietnam VEG,Cua hang thuc pham sach,"77 Dan Lap, Du Hang Kenh, Le Chan, Hai Phong",0936 588 825,,,,ket qua tim kiem 2026-09-02,,
J - Cua hang thuc pham sach/huu co,,Canh Buom Food,Cua hang thuc pham sach,"79 Mac Dang Doanh, Phan Dung, Duong Kinh, Hai Phong",0904 831 775,,,,ket qua tim kiem 2026-09-02,,
J - Cua hang thuc pham sach/huu co,,Green Mart 86,Cua hang thuc pham sach,"86 Phan Dang Luu, Kien An, Hai Phong",0865 216 191,,,,ket qua tim kiem 2026-09-02,,
J - Cua hang thuc pham sach/huu co,,Bigfarm,"Sieu thi thuc pham sach, 4 chi nhanh Hai Phong",Hai Phong,0904.30.64.68,,,,ket qua tim kiem 2026-09-02,,
J - Cua hang thuc pham sach/huu co,,Co.op Food (Can Tho),"Chuoi sieu thi mini, 4 chi nhanh Can Tho",Can Tho,Hotline 1900 555 568,,,,ket qua tim kiem 2026-09-02,,"Chuoi lon, quy trinh lam nha cung cap co the chinh thuc/phuc tap hon cua hang nho"
J - Cua hang thuc pham sach/huu co,,SATRAFOODS (Can Tho),"Chuoi sieu thi mini, 8 chi nhanh Can Tho",Can Tho,0911 678 162,,,,ket qua tim kiem 2026-09-02,,"Chuoi lon, quy trinh lam nha cung cap co the chinh thuc/phuc tap hon cua hang nho"
B - Quan che/tra sua,,Che Lien (Da Nang),"Chuoi che noi tieng, nhieu co so, co the mo rong menu topping",Da Nang (nhieu chi nhanh),Hotline 1900 638 057 / 0989 595 274,,,facebook.com/Chelien189hoangdieu,ket qua tim kiem 2026-09-02,,
B - Quan che/tra sua,,Che Lien (chi nhanh TP.HCM),Chi nhanh TP.HCM cua chuoi Che Lien Da Nang,"1230 Pham Van Dong, Thu Duc, TP.HCM",078888 7357,,,facebook.com/cheLiencnSaigon,ket qua tim kiem 2026-09-02,,
